file_name,label,ICD-10
03029.csv,IRBBB,
05943.csv,IRBBB,
06057.csv,IRBBB,
06198.csv,IRBBB,
06602.csv,IRBBB,
08448.csv,IRBBB,
10062.csv,IRBBB,
10306.csv,IRBBB,
10331.csv,IRBBB,
12011.csv,IRBBB,
12094.csv,IRBBB,
12168.csv,IRBBB,
14059.csv,IRBBB,
16011.csv,IRBBB,
17633.csv,IRBBB,
18003.csv,IRBBB,
18306.csv,IRBBB,
18477.csv,IRBBB,
00798.csv,CLBBB,
00946.csv,CLBBB,
01990.csv,CLBBB,
02135.csv,CLBBB,
02402.csv,CLBBB,
02940.csv,CLBBB,
03835.csv,CLBBB,
04415.csv,CLBBB,
06589.csv,CLBBB,
07296.csv,CLBBB,
07304.csv,CLBBB,
08581.csv,CLBBB,
09081.csv,CLBBB,
10296.csv,CLBBB,
10395.csv,CLBBB,
10754.csv,CLBBB,
11174.csv,CLBBB,
11804.csv,CLBBB,
13046.csv,CLBBB,
13820.csv,CLBBB,
14047.csv,CLBBB,
14219.csv,CLBBB,
14744.csv,CLBBB,
14887.csv,CLBBB,
15128.csv,CLBBB,
19161.csv,CLBBB,
19190.csv,CLBBB,
19974.csv,CLBBB,
20245.csv,CLBBB,
20378.csv,CLBBB,
00195.csv,CRBBB,
01123.csv,CRBBB,
01478.csv,CRBBB,
02614.csv,CRBBB,
03041.csv,CRBBB,
03155.csv,CRBBB,
08863.csv,CRBBB,
10003.csv,CRBBB,
10360.csv,CRBBB,
11529.csv,CRBBB,
11614.csv,CRBBB,
13100.csv,CRBBB,
16455.csv,CRBBB,
16966.csv,CRBBB,
17873.csv,CRBBB,
18611.csv,CRBBB,
19444.csv,CRBBB,
19711.csv,CRBBB,
20243.csv,CRBBB,
